global_step,episode,episode_return,episode_length,epsilon,loss
162,1,1.0,162,0.998461,nan
441,2,3.0,279,0.9958105,nan
647,3,2.0,206,0.9938535,nan
814,4,1.0,167,0.992267,nan
958,5,0.0,144,0.990899,nan
1097,6,0.0,139,0.9895785,nan
1299,7,2.0,202,0.9876595,nan
1452,8,1.0,153,0.986206,nan
1587,9,0.0,135,0.9849235,nan
1776,10,2.0,189,0.983128,nan
2006,11,2.0,230,0.980943,nan
2372,12,5.0,366,0.977466,nan
2614,13,3.0,242,0.975167,nan
2748,14,0.0,134,0.973894,nan
2896,15,0.0,148,0.972488,nan
3075,16,1.0,179,0.9707875,nan
3262,17,1.0,187,0.969011,nan
3390,18,0.0,128,0.967795,nan
3515,19,0.0,125,0.9666075,nan
3739,20,2.0,224,0.9644795,nan
3936,21,2.0,197,0.962608,nan
4122,22,2.0,186,0.9608410000000001,nan
4268,23,0.0,146,0.959454,nan
4455,24,1.0,187,0.9576775,nan
4593,25,0.0,138,0.9563665,nan
4789,26,1.0,196,0.9545045,nan
4920,27,0.0,131,0.95326,nan
5338,28,9.0,418,0.949289,nan
5618,29,3.0,280,0.946629,nan
5835,30,2.0,217,0.9445675,nan
6023,31,1.0,188,0.9427815,nan
6205,32,1.0,182,0.9410525,nan
6354,33,0.0,149,0.9396370000000001,nan
6608,34,3.0,254,0.9372240000000001,nan
6763,35,0.0,155,0.9357515000000001,nan
6923,36,1.0,160,0.9342315,nan
7063,37,0.0,140,0.9329015,nan
7192,38,0.0,129,0.931676,nan
7325,39,0.0,133,0.9304125,nan
7493,40,1.0,168,0.9288165,nan
7656,41,1.0,163,0.927268,nan
7847,42,1.0,191,0.9254535,nan
8098,43,3.0,251,0.923069,nan
8312,44,2.0,214,0.921036,nan
8440,45,0.0,128,0.91982,nan
8575,46,0.0,135,0.9185375,nan
8786,47,2.0,211,0.916533,nan
8972,48,1.0,186,0.914766,nan
9202,49,2.0,230,0.912581,nan
9392,50,1.0,190,0.910776,nan
9730,51,4.0,338,0.907565,nan
9863,52,0.0,133,0.9063015,nan
10116,53,3.0,253,0.903898,7.777549035381526e-05
10381,54,3.0,265,0.9013805,1.488256748416461e-05
10522,55,0.0,141,0.900041,0.0005195413250476122
10781,56,3.0,259,0.8975805,0.00013835771824233234
11043,57,3.0,262,0.8950915,5.694741048500873e-06
11255,58,2.0,212,0.8930775,1.20294134831056e-05
11466,59,2.0,211,0.891073,4.1809893446043134e-05
11608,60,0.0,142,0.889724,3.486522700768546e-06
11822,61,2.0,214,0.887691,0.015665309503674507
11956,62,0.0,134,0.886418,0.00010174952330999076
12194,63,3.0,238,0.884157,2.190613122365903e-05
12383,64,1.0,189,0.8823615,4.741070733871311e-05
12585,65,2.0,202,0.8804425,8.105779670586344e-06
12745,66,0.0,160,0.8789225,0.015475261956453323
12951,67,2.0,206,0.8769655000000001,0.007781519554555416
13145,68,2.0,194,0.8751225,6.557046435773373e-05
13320,69,1.0,175,0.87346,0.0076288143172860146
13557,70,2.0,237,0.8712085,0.007815239019691944
13719,71,1.0,162,0.8696695,6.961211511224974e-06
13909,72,2.0,190,0.8678645,0.00011625006300164387
14113,73,2.0,204,0.8659265,7.238757098093629e-05
14241,74,0.0,128,0.8647104999999999,5.38570893695578e-05
14412,75,1.0,171,0.863086,0.007682166062295437
14554,76,0.0,142,0.861737,4.770763189299032e-05
14680,77,0.0,126,0.86054,7.48649617889896e-05
14963,78,4.0,283,0.8578515,1.4317128261609469e-05
15131,79,1.0,168,0.8562555000000001,5.3434665460372344e-05
15273,80,0.0,142,0.8549065,1.542291465739254e-05
15458,81,1.0,185,0.853149,3.3674505175440572e-06
15633,82,1.0,175,0.8514865,0.022843588143587112
15813,83,1.0,180,0.8497765,0.015225409530103207
16005,84,1.0,192,0.8479525,1.3979588402435184e-05
16196,85,1.0,191,0.8461380000000001,0.05469823628664017
16332,86,0.0,136,0.844846,9.560611943015829e-06
16518,87,1.0,186,0.843079,1.3324081010068767e-05
16863,88,5.0,345,0.8398015,0.007740485481917858
17024,89,1.0,161,0.838272,3.656176704680547e-05
17185,90,1.0,161,0.8367425,0.007738963235169649
17442,91,3.0,257,0.834301,4.690896093961783e-05
17643,92,2.0,201,0.8323915,2.5092762371059507e-05
17782,93,0.0,139,0.831071,0.0076730744913220406
17916,94,0.0,134,0.829798,0.007831727154552937
18197,95,3.0,281,0.8271285,2.875151767511852e-05
18328,96,0.0,131,0.8258840000000001,7.862315396778286e-05
18481,97,0.0,153,0.8244305000000001,0.007772499695420265
18625,98,0.0,144,0.8230625,1.52902866830118e-05
18888,99,3.0,263,0.8205640000000001,0.00016822738689370453
19110,100,2.0,222,0.818455,0.007763281464576721
19249,101,0.0,139,0.8171345,0.00015054612595122308
19482,102,2.0,233,0.814921,5.7595683756517246e-05
19619,103,0.0,137,0.8136194999999999,8.506094309268519e-05
19805,104,2.0,186,0.8118525,0.00011312344577163458
20048,105,2.0,243,0.809544,0.00015639085904695094
20213,106,1.0,165,0.8079765,0.00011768029071390629
20341,107,0.0,128,0.8067605,0.007058636285364628
20554,108,2.0,213,0.804737,0.00015895180695224553
20782,109,2.0,228,0.802571,0.007424067240208387
20916,110,0.0,134,0.8012980000000001,0.006599353160709143
21047,111,0.0,131,0.8000535,0.0005328308325260878
21315,112,3.0,268,0.7975075,0.000692347006406635
21450,113,0.0,135,0.796225,0.004165010526776314
21584,114,0.0,134,0.794952,0.0005472999764606357
21730,115,0.0,146,0.7935650000000001,0.0028731287457048893
21861,116,0.0,131,0.7923205,0.004961036611348391
22121,117,3.0,260,0.7898505,0.0005804835236631334
22303,118,1.0,182,0.7881215,0.00021881205611862242
22534,119,2.0,231,0.785927,0.007880965247750282
22714,120,1.0,180,0.7842169999999999,0.0002781870134640485
22844,121,0.0,130,0.7829820000000001,0.001985944574698806
22991,122,0.0,147,0.7815855,0.0006378897232934833
23128,123,0.0,137,0.780284,0.012917084619402885
23302,124,1.0,174,0.7786310000000001,0.001687605632469058
23440,125,0.0,138,0.77732,0.00011492698104120791
23592,126,1.0,152,0.775876,0.0001553440379211679
23860,127,4.0,268,0.7733300000000001,0.0003994524013251066
24137,128,3.0,277,0.7706985,0.0018467034678906202
24272,129,0.0,135,0.769416,0.00019649023306556046
24406,130,0.0,134,0.768143,0.0010295123793184757
24592,131,1.0,186,0.766376,0.0012636403553187847
24843,132,2.0,251,0.7639914999999999,0.00011477229418233037
25101,133,3.0,258,0.7615405,0.002794830594211817
25237,134,0.0,136,0.7602485,0.0028899225872009993
25486,135,2.0,249,0.7578830000000001,0.00024348894658032805
25662,136,1.0,176,0.756211,0.008387479931116104
25791,137,0.0,129,0.7549855000000001,0.0026704701595008373
25936,138,0.0,145,0.7536080000000001,0.0034279185347259045
26206,139,3.0,270,0.751043,0.0029525894206017256
26369,140,1.0,163,0.7494945,0.0008316803723573685
26652,141,3.0,283,0.7468060000000001,0.0001572062901686877
26797,142,0.0,145,0.7454285,9.889765351545066e-05
26939,143,0.0,142,0.7440795,0.009246204979717731
27098,144,1.0,159,0.742569,0.003228261834010482
27239,145,0.0,141,0.7412295,0.0016536024631932378
27374,146,0.0,135,0.739947,0.0018528045620769262
27586,147,2.0,212,0.737933,0.0005594114772975445
27718,148,0.0,132,0.7366790000000001,0.0015133277047425508
27842,149,0.0,124,0.735501,0.00384944467805326
27988,150,0.0,146,0.7341139999999999,0.0010429248213768005
28261,151,4.0,273,0.7315205,0.006209534127265215
28399,152,0.0,138,0.7302095,0.005246894434094429
28561,153,1.0,162,0.7286705,0.000495334854349494
28698,154,0.0,137,0.7273689999999999,0.0006794183282181621
28836,155,0.0,138,0.726058,0.000853405159432441
28966,156,0.0,130,0.724823,0.0011422073002904654
29167,157,1.0,201,0.7229135,0.001376625499688089
29408,158,2.0,241,0.7206239999999999,0.003079621819779277
29583,159,1.0,175,0.7189615,0.001555625000037253
29892,160,4.0,309,0.716026,0.0005389032885432243
30029,161,0.0,137,0.7147245,0.0004666383611038327
30245,162,2.0,216,0.7126725,0.0005078946705907583
30400,163,0.0,155,0.7112,0.005233284085988998
30547,164,0.0,147,0.7098035,0.0003217575722374022
30810,165,3.0,263,0.7073050000000001,0.0011786295799538493
30942,166,0.0,132,0.706051,0.0005160210421308875
31117,167,1.0,175,0.7043885000000001,0.004215339198708534
31376,168,3.0,259,0.7019280000000001,0.0005627459031529725
31590,169,2.0,214,0.6998949999999999,0.001102775800973177
31861,170,3.0,271,0.6973205,0.00032020703656598926
31996,171,0.0,135,0.6960379999999999,0.008275753818452358
32184,172,1.0,188,0.694252,0.0019114940660074353
32342,173,0.0,158,0.692751,0.003556168172508478
32595,174,3.0,253,0.6903475,0.0008893978083506227
32857,175,3.0,262,0.6878585,0.0005582701996900141
33079,176,1.0,222,0.6857495,0.0024424733128398657
33280,177,2.0,201,0.68384,0.0019733074586838484
33484,178,1.0,204,0.681902,0.0010020728223025799
33724,179,3.0,240,0.679622,0.0007738014683127403
33867,180,0.0,143,0.6782634999999999,0.005263554397970438
34114,181,3.0,247,0.675917,0.0023420238867402077
34321,182,1.0,207,0.6739505,0.0011608669301494956
34454,183,0.0,133,0.672687,0.0008119856938719749
34658,184,2.0,204,0.670749,0.0007966991979628801
34951,185,4.0,293,0.6679655,0.001978621818125248
35125,186,1.0,174,0.6663125000000001,0.0008235350251197815
35273,187,0.0,148,0.6649065000000001,0.0018146230140700936
35405,188,0.0,132,0.6636525,0.0034854107070714235
35602,189,1.0,197,0.661781,0.009002563543617725
35762,190,0.0,160,0.660261,0.0012291872408241034
35891,191,0.0,129,0.6590355,0.0010481677018105984
36041,192,0.0,150,0.6576105,0.0009935417911037803
36230,193,1.0,189,0.655815,0.0020592096261680126
36404,194,1.0,174,0.654162,0.0033707395195961
36612,195,2.0,208,0.6521859999999999,0.0012233820743858814
36788,196,1.0,176,0.650514,0.000558363797608763
36930,197,0.0,142,0.649165,0.0005105515592731535
37107,198,1.0,177,0.6474835,0.0013143541291356087
37267,199,0.0,160,0.6459635,0.0008241469040513039
37454,200,1.0,187,0.6441870000000001,0.0011101807467639446
37692,201,3.0,238,0.641926,0.001090924022719264
37971,202,3.0,279,0.6392755000000001,0.0004655070952139795
38228,203,3.0,257,0.636834,0.0014842601958662271
38535,204,3.0,307,0.6339174999999999,0.0014306723605841398
38762,205,2.0,227,0.631761,0.0008510125917382538
38964,206,2.0,202,0.629842,0.0015300627565011382
39123,207,1.0,159,0.6283315,0.0015612929128110409
39338,208,2.0,215,0.626289,0.0010304426541551948
39474,209,0.0,136,0.624997,0.0009996227454394102
39605,210,0.0,131,0.6237524999999999,0.0009602165664546192
39738,211,0.0,133,0.6224890000000001,0.000188792881090194
39892,212,1.0,154,0.6210260000000001,0.0009019512217491865
40069,213,1.0,177,0.6193445,0.0017243274487555027
40229,214,0.0,160,0.6178245,0.00234427722170949
40486,215,3.0,257,0.615383,0.001357097877189517
40662,216,1.0,176,0.6137110000000001,0.0007766893832013011
40850,217,1.0,188,0.611925,0.00940186157822609
41248,218,9.0,398,0.608144,0.0009554983698762953
41507,219,3.0,259,0.6056835,0.008233265951275826
41733,220,2.0,226,0.6035365,0.0027187862433493137
41941,221,2.0,208,0.6015604999999999,0.0010387331712991
42080,222,0.0,139,0.60024,0.003019463736563921
42331,223,3.0,251,0.5978555,0.0031320746056735516
42548,224,2.0,217,0.5957939999999999,0.00201226444914937
42758,225,1.0,210,0.593799,0.002366623841226101
42925,226,0.0,167,0.5922125,0.0010734291281551123
43097,227,1.0,172,0.5905785,0.004395994357764721
43466,228,5.0,369,0.587073,0.007400240283459425
43631,229,0.0,165,0.5855055,0.0003612788568716496
43776,230,0.0,145,0.584128,0.007844679988920689
44090,231,5.0,314,0.581145,0.0019587171263992786
44267,232,0.0,177,0.5794635,0.0006864315364509821
44571,233,4.0,304,0.5765755,0.0006022721063345671
44841,234,3.0,270,0.5740105,0.0005159590509720147
45120,235,3.0,279,0.5713600000000001,0.000592390657402575
45288,236,0.0,168,0.5697639999999999,0.005019237753003836
45640,237,5.0,352,0.56642,0.0008258076850324869
45986,238,4.0,346,0.5631330000000001,0.0007151953177526593
46130,239,0.0,144,0.5617650000000001,0.0005144066526554525
46406,240,3.0,276,0.5591430000000001,0.0014584874734282494
46589,241,1.0,183,0.5574045,0.001627493416890502
46833,242,2.0,244,0.5550865,0.003157540690153837
47035,243,1.0,202,0.5531675,0.0009154434083029628
47321,244,3.0,286,0.5504505,0.000516862899530679
47667,245,4.0,346,0.5471635,0.0005111178033985198
47838,246,0.0,171,0.545539,0.0014272411353886127
48008,247,0.0,170,0.5439240000000001,0.001176683115772903
48181,248,0.0,173,0.5422804999999999,0.0005992721416987479
48454,249,3.0,273,0.539687,0.0012433161027729511
48625,250,0.0,171,0.5380625,0.0012508132494986057
48786,251,0.0,161,0.5365329999999999,0.00779797974973917
48967,252,1.0,181,0.5348135,0.0013893714640289545
49092,253,0.0,125,0.5336259999999999,0.0008137464756146073
49332,254,2.0,240,0.5313460000000001,0.0006389698246493936
49492,255,0.0,160,0.529826,0.0015967146027833223
49721,256,2.0,229,0.5276505,0.002894893754273653
49933,257,2.0,212,0.5256365000000001,0.002277178457006812
50080,258,0.0,147,0.52424,0.0022997884079813957
50331,259,2.0,251,0.5218555,0.0010386857902631164
50492,260,0.0,161,0.5203260000000001,0.0005609806394204497
50626,261,0.0,134,0.519053,0.0012541709002107382
50841,262,2.0,215,0.5170105,0.0024348334409296513
50974,263,0.0,133,0.5157470000000001,0.0004474547749850899
51206,264,2.0,232,0.5135430000000001,0.002221127273514867
51381,265,1.0,175,0.5118805,0.0011932642664760351
51549,266,0.0,168,0.5102845,0.0006914522382430732
51793,267,2.0,244,0.5079665,0.0021826974116265774
52068,268,3.0,275,0.505354,0.001204293454065919
52512,269,5.0,444,0.501136,0.00043261435348540545
52660,270,0.0,148,0.4997300000000001,0.004540672991424799
52798,271,0.0,138,0.49841900000000006,0.0010590526508167386
53009,272,2.0,211,0.4964145000000001,0.0011560734128579497
53312,273,4.0,303,0.493536,0.0028755415696650743
53524,274,2.0,212,0.491522,0.00041824637446552515
53704,275,0.0,180,0.489812,0.00048474251525476575
53880,276,0.0,176,0.48814000000000013,0.001055513508617878
54011,277,0.0,131,0.48689550000000004,0.0047036041505634785
54260,278,2.0,249,0.48453,0.00032426361576654017
54409,279,0.0,149,0.4831145000000001,0.002032322809100151
54562,280,0.0,153,0.481661,0.0005011361208744347
54902,281,4.0,340,0.47843100000000005,0.003123851725831628
55142,282,2.0,240,0.476151,0.0011802222579717636
55515,283,5.0,373,0.47260749999999996,0.0010041530476883054
55811,284,4.0,296,0.46979550000000003,0.0007666612509638071
56078,285,3.0,267,0.4672590000000001,0.0012302584946155548
56389,286,4.0,311,0.4643045,0.0011695821303874254
56910,287,10.0,521,0.45935499999999996,0.006603253539651632
57042,288,0.0,132,0.458101,0.0014326238306239247
57213,289,0.0,171,0.45647649999999995,0.004791403189301491
57371,290,0.0,158,0.4549755,0.0014222478494048119
57537,291,1.0,166,0.4533984999999999,0.0009319654782302678
57822,292,3.0,285,0.45069100000000006,0.005866135936230421
58045,293,2.0,223,0.44857250000000004,0.0010269803460687399
58220,294,0.0,175,0.44691000000000003,0.0009363526478409767
58409,295,0.0,189,0.4451145000000001,0.0011617322452366352
58725,296,4.0,316,0.4421125,0.000689350301399827
59122,297,6.0,397,0.4383410000000001,0.001125497743487358
59252,298,0.0,130,0.437106,0.001257619820535183
59547,299,4.0,295,0.43430349999999995,0.0005430078017525375
59812,300,3.0,265,0.431786,0.000972441746853292
60103,301,4.0,291,0.42902150000000006,0.001819785451516509
60293,302,1.0,190,0.4272165000000001,0.0017712917178869247
60418,303,0.0,125,0.426029,0.0026115193031728268
60655,304,2.0,237,0.42377750000000003,0.0007720901048742235
60876,305,2.0,221,0.4216780000000001,0.0006495725829154253
61004,306,0.0,128,0.420462,0.0010080377105623484
61351,307,5.0,347,0.4171655000000001,0.000974213529843837
61482,308,0.0,131,0.415921,0.0012651670258492231
61655,309,1.0,173,0.41427749999999997,0.0007265637395903468
61873,310,2.0,218,0.41220650000000003,0.0009519866434857249
62019,311,0.0,146,0.4108195,0.0010853181593120098
62219,312,2.0,200,0.4089195,0.0013829013332724571
62613,313,5.0,394,0.40517650000000005,0.002480235882103443
62872,314,3.0,259,0.4027160000000001,0.001061243237927556
63122,315,3.0,250,0.40034100000000006,0.0015419117407873273
63321,316,2.0,199,0.39845049999999993,0.0026534225326031446
63557,317,2.0,236,0.3962085000000001,0.001223348779603839
63776,318,2.0,219,0.39412800000000003,0.0008780929492786527
64023,319,3.0,247,0.3917815000000001,0.0009357278468087316
64242,320,2.0,219,0.3897010000000001,0.004133507143706083
64439,321,2.0,197,0.38782950000000005,0.0021241784561425447
64636,322,2.0,197,0.385958,0.0012675905600190163
64970,323,5.0,334,0.38278499999999993,0.0016473130090162158
65168,324,2.0,198,0.380904,0.0027945167385041714
65369,325,2.0,201,0.3789945,0.0011229931842535734
65498,326,0.0,129,0.377769,0.007503353990614414
65769,327,3.0,271,0.3751945,0.0012226696126163006
66202,328,6.0,433,0.371081,0.0011540335835888982
66460,329,3.0,258,0.36863,0.0008861007518135011
66708,330,3.0,248,0.366274,0.0010409742826595902
66958,331,3.0,250,0.3638990000000001,0.001009863568469882
67256,332,4.0,298,0.36106799999999994,0.0019079946214333177
67607,333,5.0,351,0.35773350000000004,0.0026517254300415516
67933,334,4.0,326,0.3546365,0.0013157196808606386
68181,335,3.0,248,0.3522805,0.001274228561669588
68400,336,2.0,219,0.35019999999999996,0.0007904075318947434
68647,337,3.0,247,0.34785350000000004,0.0013789227232336998
68848,338,2.0,201,0.34594400000000003,0.0012056436389684677
69094,339,3.0,246,0.343607,0.0021232962608337402
69250,340,1.0,156,0.342125,0.004880598746240139
69576,341,5.0,326,0.339028,0.0005688512464985251
69759,342,1.0,183,0.3372895,0.0008462676778435707
69939,343,1.0,180,0.33557950000000003,0.001117227366194129
70185,344,3.0,246,0.3332425000000001,0.001793341594748199
70434,345,3.0,249,0.3308770000000001,0.00064782181289047
70632,346,2.0,198,0.32899600000000007,0.003027200698852539
70986,347,5.0,354,0.32563299999999995,0.0006612336728721857
71184,348,2.0,198,0.32375200000000004,0.0029159521218389273
71505,349,4.0,321,0.3207025000000001,0.0017344490624964237
71629,350,0.0,124,0.3195245000000001,0.0007692028302699327
71791,351,1.0,162,0.31798550000000003,0.001751747913658619
72231,352,7.0,440,0.31380550000000007,0.0012445482425391674
72665,353,6.0,434,0.30968249999999997,0.001547916792333126
72787,354,0.0,122,0.30852350000000006,0.0010632600169628859
73113,355,4.0,326,0.30542650000000005,0.003705235430970788
73349,356,3.0,236,0.3031845000000001,0.0028412139508873224
73675,357,4.0,326,0.30008750000000006,0.002122122561559081
73965,358,4.0,290,0.2973325,0.0015089650405570865
74223,359,3.0,258,0.29488150000000013,0.0010595996864140034
74552,360,4.0,329,0.291756,0.0008496385416947305
74766,361,2.0,214,0.28972300000000006,0.00170344568323344
75029,362,4.0,263,0.2872245,0.0020578952971845865
75368,363,5.0,339,0.28400400000000003,0.001281749689951539
75761,364,5.0,393,0.2802705,0.001032607862725854
76243,365,7.0,482,0.2756915,0.005401290953159332
76453,366,1.0,210,0.2736965,0.001062814611941576
76886,367,6.0,433,0.269583,0.0019545031245797873
77156,368,3.0,270,0.267018,0.0016170928720384836
77570,369,6.0,414,0.2630850000000001,0.0024770754389464855
77845,370,3.0,275,0.2604725000000001,0.0005399155197665095
78111,371,4.0,266,0.25794550000000005,0.0024468330666422844
78539,372,6.0,428,0.25387950000000004,0.001552805071696639
78812,373,2.0,273,0.251286,0.0015181885100901127
79266,374,6.0,454,0.246973,0.000993720255792141
79624,375,5.0,358,0.24357200000000012,0.0011518565006554127
79882,376,4.0,258,0.24112100000000003,0.001279845368117094
80123,377,3.0,241,0.23883150000000009,0.002049280097708106
80487,378,6.0,364,0.2353735,0.000749496859498322
80905,379,7.0,418,0.23140249999999996,0.0009439403074793518
81175,380,3.0,270,0.22883750000000003,0.001671068836003542
81533,381,5.0,358,0.22543650000000004,0.0011867249850183725
81872,382,5.0,339,0.22221600000000008,0.0028567565605044365
82219,383,6.0,347,0.21891950000000004,0.0037618717178702354
82495,384,4.0,276,0.21629750000000003,0.0009034888353198767
82924,385,7.0,429,0.21222200000000002,0.0014736740849912167
83433,386,8.0,509,0.20738650000000003,0.0027269497513771057
83765,387,5.0,332,0.20423250000000004,0.0007988923462107778
84155,388,6.0,390,0.20052749999999997,0.0014186890330165625
84471,389,4.0,316,0.19752550000000002,0.0018205291125923395
84701,390,3.0,230,0.19534050000000003,0.005072442349046469
85047,391,6.0,346,0.1920535000000001,0.0008401061641052365
85496,392,7.0,449,0.18778799999999995,0.00261432072147727
85872,393,6.0,376,0.18421600000000005,0.001288415165618062
86339,394,6.0,467,0.1797795000000001,0.0016267320606857538
86690,395,7.0,351,0.17644500000000007,0.009185046888887882
87088,396,8.0,398,0.17266400000000004,0.0021229006815701723
87417,397,4.0,329,0.16953850000000004,0.0017653097165748477
87906,398,13.0,489,0.16489300000000007,0.0021390090696513653
88188,399,4.0,282,0.16221400000000008,0.0017514049541205168
88789,400,11.0,601,0.15650450000000005,0.0024502065498381853
89139,401,13.0,350,0.15317950000000002,0.0027548037469387054
89438,402,5.0,299,0.1503390000000001,0.002032094169408083
89864,403,8.0,426,0.1462920000000001,0.010235721245408058
90239,404,4.0,375,0.14272950000000006,0.002529718214645982
90581,405,4.0,342,0.1394805,0.01063922606408596
91044,406,9.0,463,0.13508200000000004,0.002410641871392727
91516,407,9.0,472,0.1305980000000001,0.0019992489833384752
91968,408,6.0,452,0.12630399999999997,0.002606775378808379
92379,409,8.0,411,0.1223995,0.001880515250377357
92593,410,3.0,214,0.12036650000000004,0.001850318512879312
92843,411,7.0,250,0.11799150000000003,0.010363071225583553
93275,412,8.0,432,0.11388750000000003,0.006716204807162285
93581,413,5.0,306,0.11098050000000004,0.0012071668170392513
93920,414,5.0,339,0.10775999999999997,0.002738004783168435
94216,415,5.0,296,0.10494800000000004,0.003080611117184162
94545,416,5.0,329,0.10182250000000004,0.0017334066797047853
94890,417,5.0,345,0.0985450000000001,0.0014862705720588565
95253,418,6.0,363,0.09509650000000003,0.0018487479537725449
95718,419,8.0,465,0.09067900000000007,0.0023329819086939096
96202,420,9.0,484,0.08608100000000007,0.0025103073567152023
96740,421,10.0,538,0.08096999999999999,0.001433675060980022
97065,422,5.0,325,0.07788250000000008,0.0023168502375483513
97606,423,13.0,541,0.072743,0.0013147530844435096
97912,424,5.0,306,0.06983600000000001,0.0011987043544650078
98454,425,9.0,542,0.06468700000000005,0.001940969843417406
98837,426,4.0,383,0.06104850000000006,0.0031818796414881945
99412,427,8.0,575,0.055586000000000024,0.0013917137403041124
99970,428,10.0,558,0.050285000000000024,0.0014009976293891668
100183,429,3.0,213,0.05,0.0031554026063531637
100410,430,3.0,227,0.05,0.0025663296692073345
100924,431,10.0,514,0.05,0.0016974867321550846
101257,432,6.0,333,0.05,0.0034967572428286076
101816,433,11.0,559,0.05,0.008739607408642769
102265,434,8.0,449,0.05,0.0015662027290090919
102886,435,12.0,621,0.05,0.00149070774205029
103225,436,7.0,339,0.05,0.0031125876121222973
103845,437,15.0,620,0.05,0.0027700322680175304
104195,438,7.0,350,0.05,0.0027489999774843454
104649,439,8.0,454,0.05,0.0016252181958407164
104962,440,6.0,313,0.05,0.0029886560514569283
105599,441,14.0,637,0.05,0.0031954299192875624
106157,442,15.0,558,0.05,0.0026272134855389595
106612,443,9.0,455,0.05,0.0015153064159676433
107247,444,9.0,635,0.05,0.0019561774097383022
107730,445,13.0,483,0.05,0.004125120583921671
108010,446,4.0,280,0.05,0.0026804900262504816
108467,447,8.0,457,0.05,0.0021499856375157833
108896,448,7.0,429,0.05,0.001844407757744193
109237,449,6.0,341,0.05,0.0034133789595216513
109553,450,6.0,316,0.05,0.0014542394783347845
110172,451,18.0,619,0.05,0.002893181052058935
110838,452,14.0,666,0.05,0.0014240531018003821
111182,453,6.0,344,0.05,0.0023029253352433443
111674,454,13.0,492,0.05,0.0015766824362799525
112204,455,11.0,530,0.05,0.0028716959059238434
112578,456,6.0,374,0.05,0.0014957442181184888
112979,457,8.0,401,0.05,0.003929296508431435
113497,458,9.0,518,0.05,0.0018598561873659492
113961,459,9.0,464,0.05,0.0019343544263392687
114338,460,6.0,377,0.05,0.0036692253779619932
114740,461,7.0,402,0.05,0.001351640559732914
115244,462,12.0,504,0.05,0.0026486145798116922
115750,463,10.0,506,0.05,0.0015524711925536394
116420,464,14.0,670,0.05,0.0016774989198893309
116969,465,11.0,549,0.05,0.000896983954589814
117492,466,9.0,523,0.05,0.001399993896484375
117962,467,9.0,470,0.05,0.0013125219848006964
118716,468,19.0,754,0.05,0.004443086683750153
119220,469,9.0,504,0.05,0.0014664221089333296
119763,470,14.0,543,0.05,0.0009858267148956656
120243,471,10.0,480,0.05,0.0013688476756215096
120658,472,14.0,415,0.05,0.0012252558954060078
121032,473,7.0,374,0.05,0.0023032422177493572
121415,474,7.0,383,0.05,0.005448201671242714
121693,475,4.0,278,0.05,0.0023131058551371098
122129,476,9.0,436,0.05,0.0010796000715345144
122486,477,6.0,357,0.05,0.0014900637324899435
122878,478,7.0,392,0.05,0.0020760446786880493
123309,479,8.0,431,0.05,0.0023842239752411842
123837,480,17.0,528,0.05,0.0030066322069615126
124554,481,16.0,717,0.05,0.0021138624288141727
125021,482,8.0,467,0.05,0.0027346755377948284
125794,483,25.0,773,0.05,0.007802648935467005
126235,484,8.0,441,0.05,0.0022286404855549335
126789,485,11.0,554,0.05,0.0014802757650613785
127150,486,7.0,361,0.05,0.0029549982864409685
127630,487,10.0,480,0.05,0.0029105721041560173
128257,488,17.0,627,0.05,0.002389362547546625
128811,489,12.0,554,0.05,0.0022028617095202208
129324,490,10.0,513,0.05,0.0032956565264612436
129735,491,7.0,411,0.05,0.0026699339505285025
130230,492,10.0,495,0.05,0.0022771749645471573
130762,493,14.0,532,0.05,0.0038714988622814417
131240,494,9.0,478,0.05,0.002090520691126585
131731,495,11.0,491,0.05,0.0013052334543317556
131939,496,3.0,208,0.05,0.001510157249867916
132506,497,12.0,567,0.05,0.0024974457919597626
133137,498,11.0,631,0.05,0.002053318778052926
133619,499,9.0,482,0.05,0.0022482031490653753
134115,500,9.0,496,0.05,0.0023591825738549232
134568,501,8.0,453,0.05,0.002210785634815693
135165,502,12.0,597,0.05,0.003995036706328392
135619,503,9.0,454,0.05,0.00286736898124218
136093,504,9.0,474,0.05,0.0014046395663172007
136573,505,10.0,480,0.05,0.0027006161399185658
136997,506,8.0,424,0.05,0.004869185853749514
138001,507,15.0,1004,0.05,0.0022194604389369488
138691,508,13.0,690,0.05,0.0013408433878794312
139290,509,16.0,599,0.05,0.008425392210483551
139755,510,9.0,465,0.05,0.0014856436755508184
140319,511,10.0,564,0.05,0.003550920868292451
141002,512,17.0,683,0.05,0.0017120649572461843
141653,513,17.0,651,0.05,0.0030521920416504145
142114,514,11.0,461,0.05,0.004176895134150982
142542,515,11.0,428,0.05,0.003117380663752556
143335,516,26.0,793,0.05,0.004049026407301426
144067,517,22.0,732,0.05,0.006140562705695629
144805,518,17.0,738,0.05,0.0015604551881551743
145317,519,11.0,512,0.05,0.001621980220079422
145982,520,15.0,665,0.05,0.0023465820122510195
146574,521,18.0,592,0.05,0.0025958246551454067
147041,522,9.0,467,0.05,0.003879860043525696
147549,523,13.0,508,0.05,0.0016937023028731346
147887,524,6.0,338,0.05,0.0026283804327249527
148530,525,14.0,643,0.05,0.0023551974445581436
149177,526,17.0,647,0.05,0.00249148765578866
149955,527,22.0,778,0.05,0.0028595125768333673
150337,528,6.0,382,0.05,0.002710456494241953
151134,529,28.0,797,0.05,0.0028893875423818827
151744,530,16.0,610,0.05,0.001961719710379839
152265,531,10.0,521,0.05,0.0029451295267790556
152876,532,14.0,611,0.05,0.004003124311566353
153422,533,14.0,546,0.05,0.05762954428792
153878,534,10.0,456,0.05,0.0016499944031238556
154489,535,13.0,611,0.05,0.0043898290023207664
154858,536,7.0,369,0.05,0.0024269497953355312
155411,537,11.0,553,0.05,0.003353419015184045
155996,538,12.0,585,0.05,0.002315932884812355
156455,539,8.0,459,0.05,0.0016040269983932376
156994,540,10.0,539,0.05,0.003009038046002388
157621,541,14.0,627,0.05,0.0032403033692389727
158072,542,11.0,451,0.05,0.004027576185762882
158595,543,10.0,523,0.05,0.001329694758169353
159355,544,21.0,760,0.05,0.005394652485847473
159950,545,12.0,595,0.05,0.0016855106223374605
160562,546,14.0,612,0.05,0.002320566913112998
161173,547,13.0,611,0.05,0.004534251056611538
161725,548,12.0,552,0.05,0.0016907101962715387
162383,549,21.0,658,0.05,0.0008844351395964622
162767,550,7.0,384,0.05,0.04054279252886772
163332,551,10.0,565,0.05,0.0027467715553939342
163891,552,14.0,559,0.05,0.0022734305821359158
164362,553,9.0,471,0.05,0.0011256336001679301
165022,554,13.0,660,0.05,0.0012183137005195022
165624,555,15.0,602,0.05,0.0031195024494081736
166506,556,22.0,882,0.05,0.0018460782011970878
166977,557,8.0,471,0.05,0.005823811516165733
167685,558,17.0,708,0.05,0.0030972000677138567
168341,559,11.0,656,0.05,0.001200187485665083
168932,560,15.0,591,0.05,0.0023966259323060513
169511,561,11.0,579,0.05,0.0018319777445867658
169968,562,9.0,457,0.05,0.008390862494707108
170358,563,8.0,390,0.05,0.0014555511297658086
170862,564,9.0,504,0.05,0.0013803929323330522
171496,565,15.0,634,0.05,0.002926718443632126
172128,566,15.0,632,0.05,0.0017425070982426405
173066,567,20.0,938,0.05,0.0021831048652529716
173675,568,15.0,609,0.05,0.005670396611094475
174157,569,10.0,482,0.05,0.0037678058724850416
174701,570,10.0,544,0.05,0.007546341046690941
175199,571,10.0,498,0.05,0.002053057076409459
175845,572,15.0,646,0.05,0.004171479493379593
176636,573,22.0,791,0.05,0.0019917176105082035
177125,574,9.0,489,0.05,0.005140571389347315
177712,575,16.0,587,0.05,0.002476260531693697
178320,576,13.0,608,0.05,0.005627802107483149
178926,577,14.0,606,0.05,0.002926871180534363
179361,578,9.0,435,0.05,0.00627068430185318
179882,579,9.0,521,0.05,0.0019340531434863806
180437,580,11.0,555,0.05,0.0028243905398994684
181027,581,12.0,590,0.05,0.0028174673207104206
181448,582,8.0,421,0.05,0.0021737534552812576
181955,583,10.0,507,0.05,0.0016014516586437821
182526,584,11.0,571,0.05,0.0017531088087707758
183215,585,15.0,689,0.05,0.002540184184908867
183953,586,21.0,738,0.05,0.005771624855697155
184601,587,20.0,648,0.05,0.003418231848627329
185084,588,10.0,483,0.05,0.003709572833031416
185832,589,18.0,748,0.05,0.0031434358097612858
186486,590,15.0,654,0.05,0.0020960764959454536
187021,591,14.0,535,0.05,0.004178007133305073
187523,592,9.0,502,0.05,0.003634248860180378
188151,593,14.0,628,0.05,0.0030579501762986183
188546,594,7.0,395,0.05,0.005031947046518326
189598,595,25.0,1052,0.05,0.003870825283229351
190678,596,34.0,1080,0.05,0.0036081206053495407
191239,597,11.0,561,0.05,0.0032814042642712593
191840,598,12.0,601,0.05,0.006460295058786869
192573,599,20.0,733,0.05,0.0038754125125706196
193026,600,9.0,453,0.05,0.0021149758249521255
193693,601,16.0,667,0.05,0.004789441823959351
194264,602,13.0,571,0.05,0.008132060058414936
194810,603,12.0,546,0.05,0.00463318545371294
195102,604,5.0,292,0.05,0.00490841269493103
195728,605,12.0,626,0.05,0.0022871489636600018
196304,606,13.0,576,0.05,0.0017974325455725193
196726,607,8.0,422,0.05,0.0048579201102256775
197419,608,25.0,693,0.05,0.015550816431641579
197946,609,12.0,527,0.05,0.004435737617313862
198403,610,9.0,457,0.05,0.02053363434970379
198959,611,17.0,556,0.05,0.0024071834050118923
199500,612,12.0,541,0.05,0.0021836995147168636
